english_level,timestamp,position,male,title,salary,company_type,region,programming_language,full_time,total_experience,year,title_missing
4,16/12/2020 16:42,"СTO, Director of Engineering, Program Director",1,,1100.0,Продуктова,Львів,,0,3.0,2020,1
4,12/12/2020 16:51,"СTO, Director of Engineering, Program Director",1,,2000.0,Продуктова,Львів,,1,2.0,2020,1
6,15/12/2020 20:35,"СTO, Director of Engineering, Program Director",0,,2000.0,Продуктова,Київ,,1,6.0,2020,1
6,23/12/2020 19:24,"СTO, Director of Engineering, Program Director",1,,2000.0,Аутсорсингова,Львів,,1,8.0,2020,1
4,13/12/2020 17:17,"СTO, Director of Engineering, Program Director",1,,2100.0,Продуктова,Київ,,1,1.0,2020,1
2,16/12/2020 12:25,"СTO, Director of Engineering, Program Director",1,,2250.0,Аутсорсингова,Миколаїв,,1,3.0,2020,1
5,21/12/2020 20:25,"СTO, Director of Engineering, Program Director",1,,2500.0,Інша,Київ,,1,6.0,2020,1
4,07/12/2020 11:12,"СTO, Director of Engineering, Program Director",1,,2700.0,Продуктова,Київ,,1,5.0,2020,1
5,08/12/2020 16:07,"СTO, Director of Engineering, Program Director",1,,2700.0,Продуктова,Київ,,1,10.0,2020,1
3,09/12/2020 17:38,"СTO, Director of Engineering, Program Director",1,,2731.0,Продуктова,Київ,,1,7.0,2020,1
5,07/12/2020 10:42,"СTO, Director of Engineering, Program Director",1,,3000.0,Продуктова,Київ,,1,1.0,2020,1
3,14/12/2020 07:28,"СTO, Director of Engineering, Program Director",1,,3000.0,Продуктова,Полтава,,1,5.0,2020,1
6,17/12/2020 01:38,"СTO, Director of Engineering, Program Director",1,,3000.0,Продуктова,Київ,,1,10.0,2020,1
6,22/12/2020 16:49,"СTO, Director of Engineering, Program Director",1,,3000.0,Аутстафінгова,Київ,,1,10.0,2020,1
5,07/12/2020 14:39,"СTO, Director of Engineering, Program Director",1,,3100.0,Аутсорсингова,Харків,,1,10.0,2020,1
4,03/01/2021 02:07,"СTO, Director of Engineering, Program Director",1,,3200.0,Аутсорсингова,Не Україна,,0,7.0,2020,1
6,08/12/2020 16:40,"СTO, Director of Engineering, Program Director",1,,3300.0,Аутсорсингова,Львів,,1,9.0,2020,1
5,07/12/2020 11:59,"СTO, Director of Engineering, Program Director",1,,3500.0,Продуктова,Київ,,1,10.0,2020,1
6,15/12/2020 10:23,"СTO, Director of Engineering, Program Director",1,,3600.0,Інша,Львів,,1,10.0,2020,1
4,08/12/2020 14:34,"СTO, Director of Engineering, Program Director",1,,3700.0,Аутсорсингова,Харків,,1,10.0,2020,1
4,08/12/2020 19:38,"СTO, Director of Engineering, Program Director",1,,3800.0,Продуктова,Київ,,1,10.0,2020,1
6,10/12/2020 18:07,"СTO, Director of Engineering, Program Director",1,,3800.0,Аутсорсингова,Львів,,1,10.0,2020,1
5,10/12/2020 20:50,"СTO, Director of Engineering, Program Director",1,,3900.0,Аутсорсингова,Київ,,1,2.0,2020,1
6,14/12/2020 16:20,"СTO, Director of Engineering, Program Director",1,,3900.0,Продуктова,Київ,,1,10.0,2020,1
5,07/12/2020 10:12,"СTO, Director of Engineering, Program Director",1,,4000.0,Аутсорсингова,Львів,,1,10.0,2020,1
6,07/12/2020 11:09,"СTO, Director of Engineering, Program Director",1,,4000.0,Продуктова,Київ,,1,10.0,2020,1
4,13/12/2020 01:36,"СTO, Director of Engineering, Program Director",1,,4000.0,Аутстафінгова,Київ,,1,3.0,2020,1
3,13/12/2020 13:09,"СTO, Director of Engineering, Program Director",1,,4000.0,Продуктова,Луцьк,,1,10.0,2020,1
6,13/12/2020 00:20,"СTO, Director of Engineering, Program Director",1,,4250.0,Продуктова,Черкаси,,1,6.0,2020,1
6,22/12/2020 14:46,"СTO, Director of Engineering, Program Director",1,,4500.0,Продуктова,Дніпро,,0,10.0,2020,1
5,01/01/2021 09:51,"СTO, Director of Engineering, Program Director",1,,4500.0,Аутстафінгова,Харків,,1,8.0,2020,1
5,07/12/2020 17:19,"СTO, Director of Engineering, Program Director",1,,4700.0,Продуктова,Дніпро,,1,10.0,2020,1
5,14/12/2020 21:07,"СTO, Director of Engineering, Program Director",1,,4800.0,Аутсорсингова,Львів,,1,10.0,2020,1
6,07/12/2020 11:38,"СTO, Director of Engineering, Program Director",1,,5000.0,Продуктова,Дніпро,,1,10.0,2020,1
5,08/12/2020 16:36,"СTO, Director of Engineering, Program Director",1,,5000.0,Аутсорсингова,Київ,,1,8.0,2020,1
5,08/12/2020 20:40,"СTO, Director of Engineering, Program Director",1,,5000.0,Аутсорсингова,Запоріжжя,,1,7.0,2020,1
6,10/12/2020 16:42,"СTO, Director of Engineering, Program Director",1,,5000.0,Аутстафінгова,Харків,,1,10.0,2020,1
6,11/12/2020 09:18,"СTO, Director of Engineering, Program Director",1,,5000.0,Аутсорсингова,Вінниця,,1,10.0,2020,1
5,12/12/2020 09:10,"СTO, Director of Engineering, Program Director",1,,5000.0,Стартап,Львів,,1,6.0,2020,1
5,16/12/2020 09:49,"СTO, Director of Engineering, Program Director",1,,5000.0,Аутстафінгова,Київ,,1,10.0,2020,1
6,17/12/2020 14:24,"СTO, Director of Engineering, Program Director",1,,5000.0,Аутсорсингова,Одеса,,1,10.0,2020,1
5,29/12/2020 18:12,"СTO, Director of Engineering, Program Director",1,,5000.0,Продуктова,Харків,,1,8.0,2020,1
6,30/12/2020 19:51,"СTO, Director of Engineering, Program Director",1,,5000.0,Продуктова,Харків,,1,10.0,2020,1
6,08/12/2020 18:50,"СTO, Director of Engineering, Program Director",0,,5500.0,Аутстафінгова,Київ,,1,1.0,2020,1
5,11/12/2020 20:06,"СTO, Director of Engineering, Program Director",1,,5500.0,Аутсорсингова,Львів,,1,10.0,2020,1
6,14/12/2020 17:40,"СTO, Director of Engineering, Program Director",1,,5500.0,Аутсорсингова,Київ,,1,7.0,2020,1
5,29/12/2020 16:50,"СTO, Director of Engineering, Program Director",1,,5600.0,Продуктова,Київ,,1,0.25,2020,1
6,07/12/2020 10:31,"СTO, Director of Engineering, Program Director",1,,5700.0,Аутсорсингова,Київ,,1,10.0,2020,1
4,07/12/2020 10:40,"СTO, Director of Engineering, Program Director",1,,6000.0,Продуктова,Одеса,,1,10.0,2020,1
4,07/12/2020 10:51,"СTO, Director of Engineering, Program Director",1,,6000.0,Продуктова,Київ,,1,3.0,2020,1
5,07/12/2020 14:53,"СTO, Director of Engineering, Program Director",1,,6000.0,Стартап,Київ,,1,7.0,2020,1
6,08/12/2020 21:19,"СTO, Director of Engineering, Program Director",1,,6000.0,Продуктова,Київ,,1,10.0,2020,1
5,13/12/2020 13:00,"СTO, Director of Engineering, Program Director",1,,6000.0,Продуктова,Київ,,1,10.0,2020,1
3,26/12/2020 20:42,"СTO, Director of Engineering, Program Director",1,,6000.0,Стартап,Дніпро,,1,10.0,2020,1
3,29/12/2020 23:00,"СTO, Director of Engineering, Program Director",1,,6000.0,Продуктова,Київ,,1,9.0,2020,1
3,01/01/2021 02:27,"СTO, Director of Engineering, Program Director",1,,6000.0,Аутсорсингова,Івано-Франківськ,,1,4.0,2020,1
2,01/01/2021 21:21,"СTO, Director of Engineering, Program Director",1,,6000.0,Продуктова,Київ,,0,10.0,2020,1
6,07/12/2020 15:05,"СTO, Director of Engineering, Program Director",1,,6100.0,Аутсорсингова,Дніпро,,1,10.0,2020,1
5,08/12/2020 21:56,"СTO, Director of Engineering, Program Director",1,,6200.0,Аутстафінгова,Львів,,1,10.0,2020,1
6,08/12/2020 17:17,"СTO, Director of Engineering, Program Director",1,,6600.0,Аутсорсингова,Київ,,1,10.0,2020,1
6,07/12/2020 10:51,"СTO, Director of Engineering, Program Director",1,,6700.0,Продуктова,Дніпро,,1,10.0,2020,1
6,07/12/2020 12:16,"СTO, Director of Engineering, Program Director",1,,7000.0,Аутсорсингова,Київ,,1,10.0,2020,1
6,07/12/2020 13:28,"СTO, Director of Engineering, Program Director",1,,7000.0,Аутсорсингова,Львів,,1,10.0,2020,1
6,07/12/2020 23:41,"СTO, Director of Engineering, Program Director",1,,7000.0,Аутсорсингова,Одеса,,1,10.0,2020,1
5,28/12/2020 16:28,"СTO, Director of Engineering, Program Director",1,,7000.0,Продуктова,Київ,,1,10.0,2020,1
6,29/12/2020 15:57,"СTO, Director of Engineering, Program Director",1,,7000.0,Аутсорсингова,Вінниця,,1,10.0,2020,1
4,30/12/2020 12:28,"СTO, Director of Engineering, Program Director",1,,7000.0,Аутсорсингова,Житомир,,1,10.0,2020,1
2,01/01/2021 22:19,"СTO, Director of Engineering, Program Director",1,,7000.0,Продуктова,Вінниця,,1,10.0,2020,1
5,21/12/2020 17:22,"СTO, Director of Engineering, Program Director",1,,7500.0,Продуктова,Київ,,1,10.0,2020,1
5,08/12/2020 09:03,"СTO, Director of Engineering, Program Director",1,,7600.0,Стартап,Київ,,1,8.0,2020,1
4,07/12/2020 11:26,"СTO, Director of Engineering, Program Director",1,,8000.0,Продуктова,Київ,,1,10.0,2020,1
4,07/12/2020 15:12,"СTO, Director of Engineering, Program Director",1,,8000.0,Продуктова,Київ,,1,10.0,2020,1
5,24/12/2020 09:32,"СTO, Director of Engineering, Program Director",1,,8000.0,Продуктова,Київ,,1,10.0,2020,1
4,30/12/2020 08:27,"СTO, Director of Engineering, Program Director",1,,8000.0,Продуктова,Київ,,1,10.0,2020,1
5,11/12/2020 23:11,"СTO, Director of Engineering, Program Director",1,,8500.0,Продуктова,Київ,,1,7.0,2020,1
5,07/12/2020 14:17,"СTO, Director of Engineering, Program Director",1,,9000.0,Продуктова,Київ,,1,10.0,2020,1
6,08/12/2020 15:49,"СTO, Director of Engineering, Program Director",1,,9000.0,Продуктова,Київ,,1,10.0,2020,1
6,07/12/2020 23:58,"СTO, Director of Engineering, Program Director",1,,9300.0,Аутсорсингова,Київ,,1,10.0,2020,1
5,07/12/2020 23:00,"СTO, Director of Engineering, Program Director",1,,11400.0,Продуктова,Київ,,1,8.0,2020,1
5,31/12/2020 05:58,"СTO, Director of Engineering, Program Director",1,,15000.0,Інша,Київ,,0,10.0,2020,1
6,28/12/2020 21:35,"СTO, Director of Engineering, Program Director",1,,19000.0,Продуктова,Київ,,1,5.0,2020,1
6,07/12/2020 14:33,"СTO, Director of Engineering, Program Director",1,,30000.0,Продуктова,Одеса,,1,10.0,2020,1
6,07/12/2020 13:16,"СTO, Director of Engineering, Program Director",1,,31600.0,Аутсорсингова,Київ,,1,10.0,2020,1
6,22/11/2024 16:07,Director of Engineering,1,,14250.0,Продуктова,Київ,,1,10.0,2023,1
5,22/11/2024 23:58,Director of Engineering,1,,9200.0,Продуктова,Київ,Java,1,1.5,2023,1
5,23/11/2024 14:24,Operations Director,1,,5800.0,Продуктова,Одеса,,1,3.0,2023,1
5,25/11/2024 08:13,Director of Engineering,1,,4000.0,Аутсорсингова,Не Україна,Python,1,6.0,2023,1
5,25/11/2024 08:24,Product Director,1,,3000.0,Продуктова,Київ,,1,0.1,2023,1
6,25/11/2024 08:57,CEO / founder / cofounder,1,,5000.0,Продуктова,Київ,,1,0.25,2023,1
5,25/11/2024 09:24,CTO (Chief Technology Officer) / Technical Director,0,,6000.0,Продуктова,Одеса,Java,1,13.0,2023,1
5,25/11/2024 09:43,Executive Director,1,,5386.0,Продуктова,Не Україна,,1,3.0,2023,1
3,25/11/2024 09:50,CTO (Chief Technology Officer) / Technical Director,1,,5750.0,Аутсорсингова,Не Україна,Python,1,5.0,2023,1
5,25/11/2024 09:54,Creative Director,0,,5600.0,Продуктова,Київ,,1,5.0,2023,1
5,25/11/2024 10:03,Operations Director,0,,7600.0,Продуктова,Не Україна,,1,2.0,2023,1
5,25/11/2024 10:24,CPO (Chief Product Officer),1,,5200.0,Продуктова,Одеса,,1,10.0,2023,1
4,25/11/2024 10:27,Image Quality Engineer,1,,5500.0,Продуктова,Київ,Python,1,4.0,2023,1
6,25/11/2024 10:28,CMO (Chief Marketing Officer),1,,8000.0,Продуктова,Київ,,1,3.0,2023,1
6,25/11/2024 11:24,CEO / founder / cofounder,1,,4200.0,Продуктова,Не Україна,,1,5.0,2023,1
6,25/11/2024 11:25,HR Director (HRD),1,,3900.0,Продуктова,Не Україна,,1,10.0,2023,1
6,25/11/2024 11:37,COO (Chief Operating Officer),1,,6000.0,Аутсорсингова,Не Україна,,1,5.0,2023,1
6,25/11/2024 11:53,COO (Chief Operating Officer),1,,5000.0,Інша,Київ,,1,15.0,2023,1
4,25/11/2024 11:56,CTO (Chief Technology Officer) / Technical Director,1,,5300.0,Стартап,Вінниця,Solidity,1,10.0,2023,1
6,25/11/2024 11:58,Director of Engineering,1,,14000.0,Продуктова,Не Україна,Python,1,7.0,2023,1
4,25/11/2024 12:28,CTO (Chief Technology Officer) / Technical Director,1,,6700.0,Продуктова,Київ,Python,1,3.0,2023,1
6,25/11/2024 12:37,Delivery Director,0,,2900.0,Аутстафінгова,Київ,,1,7.0,2023,1
6,25/11/2024 12:44,VP of Engineering,1,,9000.0,Аутсорсингова,Київ,,1,15.0,2023,1
5,25/11/2024 12:46,CPO (Chief Product Officer),1,,4400.0,Продуктова,Не Україна,,1,2.0,2023,1
5,25/11/2024 12:54,Brand Communications Manager,1,,1084.0,Продуктова,Київ,,0,3.0,2023,1
5,25/11/2024 13:21,CMO (Chief Marketing Officer),1,,4000.0,Продуктова,Київ,,1,12.0,2023,1
6,25/11/2024 14:58,R&D Manager,1,,7642.0,Продуктова,Київ,,1,15.0,2023,1
4,25/11/2024 16:50,CTO (Chief Technology Officer) / Technical Director,0,,4800.0,Продуктова,Київ,PHP,1,0.25,2023,1
5,25/11/2024 17:32,IT Director,0,,3200.0,Аутсорсингова,Київ,,1,8.0,2023,1
5,25/11/2024 19:29,VP of Engineering,1,,6000.0,Продуктова,Одеса,Java,1,7.0,2023,1
4,25/11/2024 21:48,CPO (Chief Product Officer),1,,7000.0,Інша,Київ,,1,2.0,2023,1
3,25/11/2024 21:56,CTO (Chief Technology Officer) / Technical Director,1,,8000.0,Продуктова,Одеса,,1,1.5,2023,1
5,25/11/2024 22:28,Database Engineer,1,,5000.0,Продуктова,Київ,"Мови розробки БД (PL/SQL, Transact-SQL)",1,7.0,2023,1
5,25/11/2024 22:53,CTO (Chief Technology Officer) / Technical Director,1,,9000.0,Аутстафінгова,Київ,JavaScript,1,4.0,2023,1
5,26/11/2024 06:20,Finops team leader,1,,6600.0,Аутстафінгова,Харків,C# / .NET,1,3.0,2023,1
5,26/11/2024 06:54,CBDO (Chief Business Development Officer),1,,3000.0,Аутсорсингова,Не Україна,,1,3.0,2023,1
6,26/11/2024 09:01,Delivery Director,0,,4000.0,Аутсорсингова,Не Україна,,1,5.0,2023,1
6,26/11/2024 09:15,VP of Engineering,1,,7000.0,Продуктова,Не Україна,C++,1,5.0,2023,1
5,26/11/2024 09:19,Director of Engineering,0,,10000.0,Продуктова,Київ,,1,15.0,2023,1
6,26/11/2024 09:47,GPU Content validation,1,,7000.0,Продуктова,Не Україна,bash scripting,1,15.0,2023,1
4,26/11/2024 14:05,Manager of the Education Office,1,,1200.0,Аутстафінгова,Дніпро,,1,4.0,2023,1
6,26/11/2024 18:33,Delivery Director,1,,6000.0,Аутсорсингова,Не Україна,,1,7.0,2023,1
4,26/11/2024 21:31,Release Manager,1,,1850.0,Аутсорсингова,Не Україна,,1,2.0,2023,1
6,26/11/2024 22:23,Director of Engineering,1,,10000.0,Аутсорсингова,Київ,,1,5.0,2023,1
5,27/11/2024 06:33,CEO / founder / cofounder,1,,5000.0,Аутсорсингова,Не Україна,,1,2.0,2023,1
5,27/11/2024 07:06,VP of People Operations,1,,8400.0,Продуктова,Не Україна,,1,13.0,2023,1
4,27/11/2024 08:09,СIO (Chief information Officer),0,,6000.0,Аутсорсингова,Київ,,1,15.0,2023,1
6,27/11/2024 08:10,CEO / founder / cofounder,1,,3000.0,Аутсорсингова,Не Україна,,1,3.0,2023,1
5,27/11/2024 12:33,QA Director,1,,7000.0,Продуктова,Київ,,1,13.0,2023,1
4,27/11/2024 12:53,CTO (Chief Technology Officer) / Technical Director,0,,11500.0,Продуктова,Київ,PHP,1,1.0,2023,1
5,27/11/2024 13:04,VP of People Operations,1,,3800.0,Аутсорсингова,Київ,,1,7.0,2023,1
5,27/11/2024 13:40,CTO (Chief Technology Officer) / Technical Director,1,,5300.0,Продуктова,Не Україна,C# / .NET,1,7.0,2023,1
5,27/11/2024 18:13,COO (Chief Operating Officer),1,,2100.0,Аутсорсингова,Не Україна,,1,4.0,2023,1
6,27/11/2024 18:32,CMO (Chief Marketing Officer),0,,5000.0,Продуктова,Київ,,1,3.0,2023,1
5,28/11/2024 05:38,CHRO (Chief Human Resources Officer),0,,7000.0,Продуктова,Київ,,1,7.0,2023,1
5,28/11/2024 07:17,CEO / founder / cofounder,0,,8515.0,Аутсорсингова,Львів,,1,8.0,2023,1
5,28/11/2024 07:30,CTO (Chief Technology Officer) / Technical Director,0,,7100.0,Продуктова,Київ,PHP,1,3.0,2023,1
5,28/11/2024 07:33,Creative marketing specialist,1,,1200.0,Продуктова,Київ,,1,0.5,2023,1
5,28/11/2024 10:04,HR Director (HRD),1,,3000.0,Аутсорсингова,Не Україна,,1,8.0,2023,1
5,28/11/2024 10:21,HR Director (HRD),0,,2500.0,Продуктова,Київ,,1,0.1,2023,1
5,28/11/2024 12:40,CEO / founder / cofounder,1,,1000.0,Стартап,Київ,,1,2.0,2023,1
4,28/11/2024 13:49,HR Director (HRD),1,,4000.0,Продуктова,Київ,,1,8.0,2023,1
6,28/11/2024 14:58,CMO (Chief Marketing Officer),1,,2555.0,Стартап,Київ,,1,6.0,2023,1
5,28/11/2024 17:00,HR Director (HRD),1,,5000.0,Продуктова,Не Україна,,0,12.0,2023,1
6,28/11/2024 19:39,CEO / founder / cofounder,1,,20000.0,Продуктова,Не Україна,,1,5.0,2023,1
6,28/11/2024 20:06,Sales Director,1,,1750.0,Продуктова,Не Україна,,1,1.0,2023,1
6,28/11/2024 20:51,Director of Engineering,1,,9500.0,Продуктова,Київ,,1,15.0,2023,1
4,29/11/2024 03:09,CTO (Chief Technology Officer) / Technical Director,1,,8000.0,Продуктова,Не Україна,C# / .NET,1,15.0,2023,1
4,29/11/2024 07:27,HR Director (HRD),1,,4000.0,Продуктова,Київ,,1,6.0,2023,1
6,29/11/2024 08:34,CEO / founder / cofounder,1,,43500.0,Аутсорсингова,Не Україна,,1,15.0,2023,1
5,29/11/2024 08:47,CMO (Chief Marketing Officer),0,,5000.0,Продуктова,Київ,,1,5.0,2023,1
5,29/11/2024 09:23,COO (Chief Operating Officer),1,,2755.0,Аутсорсингова,Тернопіль,,1,7.0,2023,1
4,29/11/2024 09:30,Analytics Team Lead,0,,2800.0,Продуктова,Львів,,1,3.0,2023,1
4,29/11/2024 09:42,Executive Assistant,0,,750.0,Аутсорсингова,Львів,,1,2.0,2023,1
3,29/11/2024 11:43,CTO (Chief Technology Officer) / Technical Director,0,,7000.0,Аутсорсингова,Харків,TypeScript,0,15.0,2023,1
5,29/11/2024 13:40,CMO (Chief Marketing Officer),1,,3000.0,Аутсорсингова,Київ,,0,10.0,2023,1
5,29/11/2024 16:30,CTO (Chief Technology Officer) / Technical Director,0,,11000.0,Продуктова,Не Україна,,1,2.0,2023,1
6,29/11/2024 23:08,CTO (Chief Technology Officer) / Technical Director,1,,12500.0,Продуктова,Київ,Python,1,3.0,2023,1
2,30/11/2024 01:01,Engineering manager,1,,7000.0,Продуктова,Київ,,0,7.0,2023,1
5,30/11/2024 08:20,CHRO (Chief Human Resources Officer),1,,5000.0,Продуктова,Не Україна,,1,7.0,2023,1
5,30/11/2024 08:49,CTO (Chief Technology Officer) / Technical Director,1,,5000.0,Стартап,Не Україна,Ruby,1,8.0,2023,1
2,30/11/2024 09:32,Release Manager,1,,3000.0,Продуктова,Київ,Python,1,4.0,2023,1
4,30/11/2024 23:06,COO (Chief Operating Officer),1,,2000.0,Аутсорсингова,Київ,,1,0.5,2023,1
5,01/12/2024 08:10,COO (Chief Operating Officer),1,,2500.0,Аутсорсингова,Харків,,1,3.0,2023,1
4,01/12/2024 17:24,CTO (Chief Technology Officer) / Technical Director,1,,3000.0,Аутсорсингова,Київ,C# / .NET,1,7.0,2023,1
6,01/12/2024 17:32,CHRO (Chief Human Resources Officer),1,,5000.0,Аутсорсингова,Київ,,1,8.0,2023,1
5,01/12/2024 19:29,Program Director,1,,9000.0,Стартап,Вінниця,,1,10.0,2023,1
5,01/12/2024 19:32,CEO / founder / cofounder,0,,0.0,Інша,Київ,,0,9.0,2023,1
6,01/12/2024 21:15,COO (Chief Operating Officer),1,,6000.0,Продуктова,Не Україна,,1,6.0,2023,1
5,02/12/2024 07:18,CEO / founder / cofounder,0,,3000.0,Аутсорсингова,Київ,,1,3.0,2023,1
6,02/12/2024 08:22,Program Director,0,,7100.0,Аутсорсингова,Київ,,1,13.0,2023,1
6,02/12/2024 10:14,CEO / founder / cofounder,1,,9500.0,Аутсорсингова,Івано-Франківськ,TypeScript,1,0.5,2023,1
6,02/12/2024 10:34,CTO (Chief Technology Officer) / Technical Director,1,,8000.0,Продуктова,Не Україна,,1,5.0,2023,1
6,02/12/2024 10:50,CTO (Chief Technology Officer) / Technical Director,0,,4700.0,Продуктова,Київ,C# / .NET,1,0.5,2023,1
6,02/12/2024 11:15,CEO / founder / cofounder,1,,5100.0,Продуктова,Львів,Python,1,1.5,2023,1
4,02/12/2024 12:21,Moderation team lead,1,,1200.0,Продуктова,Київ,,1,1.0,2023,1
3,02/12/2024 13:33,Cinematic Artist,1,,2000.0,Продуктова,Київ,,1,1.5,2023,1
5,02/12/2024 14:00,CEO / founder / cofounder,1,,12000.0,Продуктова,Київ,,1,14.0,2023,1
4,02/12/2024 15:02,CMO (Chief Marketing Officer),1,,5000.0,Продуктова,Львів,,1,8.0,2023,1
5,02/12/2024 15:04,CMO (Chief Marketing Officer),0,,4000.0,Продуктова,Київ,,1,4.0,2023,1
5,02/12/2024 15:14,CMO (Chief Marketing Officer),0,,4200.0,Продуктова,Київ,,0,3.0,2023,1
5,02/12/2024 15:55,Creative Marketing Manager,1,,1700.0,Продуктова,Київ,,1,3.0,2023,1
5,02/12/2024 16:07,Chief Strategy Officer,1,,4500.0,Аутсорсингова,Київ,,1,5.0,2023,1
5,02/12/2024 16:22,CMO (Chief Marketing Officer),1,,2500.0,Інша,Київ,,1,7.0,2023,1
4,02/12/2024 16:26,Technical Animator,1,,6000.0,Продуктова,Київ,Python,1,7.0,2023,1
4,02/12/2024 19:31,CMO (Chief Marketing Officer),1,,3000.0,Продуктова,Львів,,1,7.0,2023,1
5,02/12/2024 22:15,COO (Chief Operating Officer),0,,4200.0,Аутсорсингова,Київ,,1,5.0,2023,1
6,03/12/2024 05:19,Director of Product,1,,6700.0,Аутсорсингова,Не Україна,,1,7.0,2023,1
5,03/12/2024 08:40,CMO (Chief Marketing Officer),1,,10000.0,Інша,Не Україна,,1,10.0,2023,1
6,03/12/2024 09:10,Managing Director,1,,7500.0,Аутсорсингова,Не Україна,,1,5.0,2023,1
6,03/12/2024 09:57,CCO (Chief Commercial Officer),1,,4800.0,Аутстафінгова,Не Україна,,1,5.0,2023,1
5,03/12/2024 10:26,VP of People Operations,1,,8000.0,Продуктова,Не Україна,,1,10.0,2023,1
4,03/12/2024 10:30,COO (Chief Operating Officer),1,,3000.0,Продуктова,Київ,,1,4.0,2023,1
6,03/12/2024 10:56,Marketing Director,0,,7000.0,Продуктова,Не Україна,,1,9.0,2023,1
4,03/12/2024 11:07,HR Director (HRD),1,,3000.0,Продуктова,Івано-Франківськ,,1,8.0,2023,1
5,03/12/2024 11:17,CEO / founder / cofounder,1,,900.0,Інша,Не Україна,,1,5.0,2023,1
5,03/12/2024 11:54,Executive Assistant,0,,2700.0,Аутсорсингова,Не Україна,,1,6.0,2023,1
6,03/12/2024 13:40,Operations Director,1,,7500.0,Аутсорсингова,Не Україна,,1,15.0,2023,1
6,03/12/2024 13:52,Delivery Director,1,,5600.0,Аутсорсингова,Львів,,1,15.0,2023,1
5,03/12/2024 14:16,СIO (Chief information Officer),0,,5000.0,Аутсорсингова,Київ,,1,15.0,2023,1
6,03/12/2024 14:17,Delivery Director,1,,7900.0,Продуктова,Не Україна,,1,11.0,2023,1
4,03/12/2024 16:29,CLO (Chief Legal Officer),1,,1900.0,Аутсорсингова,Харків,,1,9.0,2023,1
6,03/12/2024 17:15,Engineering managerEngineering Manager,1,,7500.0,Продуктова,Не Україна,,1,15.0,2023,1
6,03/12/2024 17:24,CBDO (Chief Business Development Officer),1,,12000.0,Аутсорсингова,Не Україна,,1,15.0,2023,1
4,03/12/2024 18:04,CMO (Chief Marketing Officer),1,,3900.0,Продуктова,Київ,,1,4.0,2023,1
6,03/12/2024 19:32,CFO (Chief Financial Officer),1,,2000.0,Аутсорсингова,Київ,,1,14.0,2023,1
5,04/12/2024 05:47,CHRO (Chief Human Resources Officer),1,,2800.0,Аутсорсингова,Київ,,1,7.0,2023,1
4,04/12/2024 09:46,CTO (Chief Technology Officer) / Technical Director,1,,6500.0,Продуктова,Київ,TypeScript,1,1.0,2023,1
4,04/12/2024 12:16,CTO (Chief Technology Officer) / Technical Director,1,,5500.0,Продуктова,Дніпро,C# / .NET,1,4.0,2023,1
5,04/12/2024 14:23,COO (Chief Operating Officer),1,,3000.0,Продуктова,Дніпро,,1,15.0,2023,1
6,04/12/2024 22:22,Technical Producer,0,,8500.0,Продуктова,Харків,C++,1,10.0,2023,1
5,05/12/2024 08:54,Executive Director,1,,3500.0,Аутсорсингова,Рівне,,1,4.0,2023,1
6,05/12/2024 09:47,CTO (Chief Technology Officer) / Technical Director,1,,10000.0,Продуктова,Київ,TypeScript,1,2.0,2023,1
3,05/12/2024 12:36,COO (Chief Operating Officer),1,,2000.0,Аутсорсингова,Київ,,0,8.0,2023,1
4,05/12/2024 12:55,CAO (Chief Analytics Officer),0,,20000.0,Продуктова,Київ,SQL,1,3.0,2023,1
5,05/12/2024 13:00,Business process development team lead,1,,1850.0,Аутсорсингова,Івано-Франківськ,,1,1.5,2023,1
5,05/12/2024 13:04,COO (Chief Operating Officer),1,,500.0,Аутсорсингова,Не Україна,,0,1.0,2023,1
4,05/12/2024 13:24,COO (Chief Operating Officer),1,,2000.0,Продуктова,Київ,,1,10.0,2023,1
6,05/12/2024 13:39,CEO / founder / cofounder,0,,7000.0,Продуктова,Київ,,1,8.0,2023,1
5,05/12/2024 14:55,COO (Chief Operating Officer),1,,7500.0,Аутсорсингова,Не Україна,,1,5.0,2023,1
5,05/12/2024 15:33,CEO / founder / cofounder,0,,1650.0,Аутсорсингова,Одеса,PHP,1,10.0,2023,1
5,05/12/2024 17:12,CPO (Chief Product Officer),1,,6600.0,Продуктова,Київ,,1,8.0,2023,1
4,05/12/2024 18:35,CEO / founder / cofounder,1,,8000.0,Стартап,Харків,Python,1,2.0,2023,1
3,05/12/2024 19:29,HR Director (HRD),0,,3000.0,Аутсорсингова,Київ,,1,4.0,2023,1
6,05/12/2024 20:12,CPO (Chief Product Officer),1,,4000.0,Продуктова,Рівне,,1,7.0,2023,1
6,05/12/2024 22:36,L&D Lead,1,,1900.0,Аутсорсингова,Черкаси,,1,8.0,2023,1
5,06/12/2024 05:29,Client Partner / Engagement manager,1,,4275.0,Аутстафінгова,Київ,,1,15.0,2023,1
6,06/12/2024 09:31,CTO (Chief Technology Officer) / Technical Director,1,,8000.0,Аутсорсингова,Чернівці,PHP,1,6.0,2023,1
2,06/12/2024 09:55,Program Director,1,,8000.0,Стартап,Київ,,1,3.0,2023,1
6,06/12/2024 10:02,CMO (Chief Marketing Officer),1,,9000.0,Продуктова,Київ,,1,10.0,2023,1
4,06/12/2024 10:03,CFO (Chief Financial Officer),1,,3800.0,Продуктова,Тернопіль,,1,8.0,2023,1
5,06/12/2024 10:05,CTO (Chief Technology Officer) / Technical Director,1,,6400.0,Продуктова,Київ,,1,5.0,2023,1
4,06/12/2024 10:26,CPO (Chief Product Officer),1,,5500.0,Продуктова,Київ,,1,3.0,2023,1
5,06/12/2024 10:41,CPO (Chief Product Officer),1,,5450.0,Продуктова,Львів,,1,0.5,2023,1
5,06/12/2024 12:12,CMO (Chief Marketing Officer),1,,7500.0,Продуктова,Не Україна,,1,10.0,2023,1
5,06/12/2024 12:59,CMO (Chief Marketing Officer),1,,4100.0,Стартап,Дніпро,,1,8.0,2023,1
6,06/12/2024 13:58,VP of Engineering,1,,9500.0,Аутсорсингова,Не Україна,,1,15.0,2023,1
3,06/12/2024 15:27,Data Collection specialist,1,,800.0,Стартап,Львів,Python,1,3.0,2023,1
4,06/12/2024 17:04,CEO / founder / cofounder,1,,5000.0,Продуктова,Львів,,1,15.0,2023,1
4,06/12/2024 18:37,CMO (Chief Marketing Officer),1,,6500.0,Продуктова,Київ,,1,2.0,2023,1
6,06/12/2024 21:35,VP of Product,1,,7400.0,Аутстафінгова,Дніпро,,1,4.0,2023,1
5,07/12/2024 11:09,IT Director,0,,9000.0,Продуктова,Київ,PowerShell,1,15.0,2023,1
5,07/12/2024 12:45,CTO (Chief Technology Officer) / Technical Director,1,,14000.0,Продуктова,Київ,Go,1,8.0,2023,1
3,07/12/2024 13:06,CEO / founder / cofounder,0,,7000.0,Продуктова,Не Україна,,1,15.0,2023,1
5,07/12/2024 18:15,Chief Administrative Officer,1,,2000.0,Аутсорсингова,Львів,,1,7.0,2023,1
4,07/12/2024 19:11,CTO (Chief Technology Officer) / Technical Director,0,,12000.0,Продуктова,Не Україна,Java,1,3.0,2023,1
6,08/12/2024 09:55,CEO / founder / cofounder,1,,2000.0,Продуктова,Київ,,1,7.0,2023,1
4,08/12/2024 09:59,Team manager (cs:go),0,,0.0,Інша,Київ,,0,0.5,2023,1
3,08/12/2024 18:16,CFO (Chief Financial Officer),1,,3500.0,Аутсорсингова,Харків,,1,15.0,2023,1
6,09/12/2024 11:23,Director of Product,1,,7000.0,Продуктова,Львів,,1,15.0,2023,1
4,09/12/2024 12:35,CEO / founder / cofounder,1,,4700.0,Продуктова,Черкаси,,1,1.0,2023,1
5,09/12/2024 12:36,HR Director (HRD),1,,2800.0,Продуктова,Не Україна,,1,0.5,2023,1
3,09/12/2024 17:12,expert,1,,900.0,Стартап,Одеса,,1,1.0,2023,1
5,10/12/2024 09:13,IT Process Manager,0,,1200.0,Інша,Не Україна,,1,3.0,2023,1
6,10/12/2024 16:37,Director of Data Analytics,1,,6800.0,Продуктова,Не Україна,,1,10.0,2023,1
4,10/12/2024 16:53,CPO (Chief Product Officer),1,,8000.0,Продуктова,Львів,,1,4.0,2023,1
6,10/12/2024 17:00,Client Partner / Engagement manager,0,,1820.0,Продуктова,Київ,,1,4.0,2023,1
6,10/12/2024 22:23,HR Director (HRD),0,,1800.0,Аутсорсингова,Київ,,1,4.0,2023,1
4,10/12/2024 23:28,CTO (Chief Technology Officer) / Technical Director,1,,12500.0,Продуктова,Київ,,1,8.0,2023,1
5,11/12/2024 09:16,CEO / founder / cofounder,1,,7750.0,Продуктова,Київ,,1,4.0,2023,1
5,11/12/2024 09:20,CFO (Chief Financial Officer),1,,10000.0,Аутсорсингова,Дніпро,,1,15.0,2023,1
5,11/12/2024 10:43,CTO (Chief Technology Officer) / Technical Director,1,,7500.0,Продуктова,Київ,Go,0,11.0,2023,1
5,11/12/2024 18:59,Country Manager,1,,4150.0,Аутсорсингова,Дніпро,,1,2.0,2023,1
4,12/12/2024 07:33,CTO (Chief Technology Officer) / Technical Director,0,,5500.0,Продуктова,Не Україна,Python,1,5.0,2023,1
4,12/12/2024 08:23,CEO / founder / cofounder,0,,850.0,Аутсорсингова,Вінниця,JavaScript,0,1.5,2023,1
5,12/12/2024 08:42,Technical Designer,0,,1700.0,Продуктова,Не Україна,,1,4.0,2023,1
5,12/12/2024 10:53,CEO / founder / cofounder,1,,10000.0,Продуктова,Київ,C++,0,10.0,2023,1
4,12/12/2024 11:03,HR Director (HRD),1,,3000.0,Аутсорсингова,Не Україна,,1,15.0,2023,1
2,12/12/2024 11:05,CTO (Chief Technology Officer) / Technical Director,0,,1350.0,Стартап,Київ,Dart,1,4.0,2023,1
6,12/12/2024 14:16,CMO (Chief Marketing Officer),1,,5500.0,Продуктова,Не Україна,,1,6.0,2023,1
6,12/12/2024 14:24,Delivery Director,1,,8500.0,Аутсорсингова,Київ,,1,15.0,2023,1
6,12/12/2024 15:26,CFO (Chief Financial Officer),0,,6000.0,Продуктова,Київ,,1,1.5,2023,1
6,12/12/2024 16:42,Director of Product,1,,5000.0,Продуктова,Львів,,1,2.0,2023,1
6,12/12/2024 18:08,CHRO (Chief Human Resources Officer),0,,5000.0,Аутсорсингова,Київ,,1,5.0,2023,1
6,12/12/2024 18:56,Customer interaction capability manager,1,,2300.0,Продуктова,Київ,,1,0.1,2023,1
3,12/12/2024 20:13,CPO (Chief Product Officer),1,,4500.0,Продуктова,Київ,,1,12.0,2023,1
5,13/12/2024 07:17,CLO (Chief Legal Officer),1,,6000.0,Аутсорсингова,Київ,,1,15.0,2023,1
5,13/12/2024 11:28,СIO (Chief information Officer),0,,7000.0,Продуктова,Київ,,1,10.0,2023,1
6,13/12/2024 12:14,Director of Engineering,1,,8683.0,Стартап,Не Україна,,1,4.0,2023,1
5,13/12/2024 14:14,Executive Director,1,,7500.0,Аутстафінгова,Не Україна,,1,15.0,2023,1
5,13/12/2024 16:42,VP of Customer Success,0,,10000.0,Продуктова,Не Україна,,1,10.0,2023,1
6,13/12/2024 17:24,CPO (Chief Product Officer),1,,6000.0,Продуктова,Київ,,1,2.0,2023,1
5,13/12/2024 17:56,Luxena,1,,5500.0,Продуктова,Не Україна,Python,1,15.0,2023,1
6,13/12/2024 19:58,Executive Assistant,1,,850.0,Стартап,Львів,,1,1.0,2023,1
5,14/12/2024 05:52,CMO (Chief Marketing Officer),0,,3000.0,Продуктова,Київ,,1,10.0,2023,1
3,14/12/2024 07:10,СIO (Chief information Officer),1,,7700.0,Продуктова,Київ,,1,7.0,2023,1
5,15/12/2024 12:05,CPO (Chief Product Officer),1,,8700.0,Продуктова,Не Україна,,1,5.0,2023,1
5,15/12/2024 12:33,CBDO (Chief Business Development Officer),0,,4000.0,Стартап,Не Україна,,1,6.0,2023,1
6,15/12/2024 12:36,Risk manager,0,,1600.0,Продуктова,Не Україна,,1,9.0,2023,1
6,15/12/2024 16:16,CFO (Chief Financial Officer),1,,11000.0,Продуктова,Не Україна,,1,4.0,2023,1
5,15/12/2024 22:43,CPO (Chief Product Officer),0,,5500.0,Продуктова,Київ,,1,5.0,2023,1
5,16/12/2024 06:07,CBDO (Chief Business Development Officer),0,,2000.0,Аутстафінгова,Житомир,,1,1.0,2023,1
5,16/12/2024 08:30,CTO (Chief Technology Officer) / Technical Director,1,,4000.0,Продуктова,Київ,TypeScript,1,12.0,2023,1
3,16/12/2024 09:17,CFO (Chief Financial Officer),1,,6000.0,Продуктова,Київ,,1,9.0,2023,1
6,16/12/2024 11:07,Marketing Director,1,,4500.0,Аутсорсингова,Івано-Франківськ,,1,12.0,2023,1
4,16/12/2024 11:21,VP of Engineering,1,,5750.0,Продуктова,Київ,Java,1,15.0,2023,1
6,16/12/2024 15:20,COO (Chief Operating Officer),0,,6000.0,Продуктова,Не Україна,,1,10.0,2023,1
6,16/12/2024 16:10,CMO (Chief Marketing Officer),1,,8000.0,Продуктова,Київ,,1,7.0,2023,1
6,16/12/2024 16:15,CTO (Chief Technology Officer) / Technical Director,1,,7000.0,Аутсорсингова,Львів,,1,3.0,2023,1
4,16/12/2024 19:50,CMO (Chief Marketing Officer),1,,5200.0,Продуктова,Київ,,1,2.0,2023,1
5,16/12/2024 20:29,CFO (Chief Financial Officer),0,,4500.0,Продуктова,Київ,,1,12.0,2023,1
4,16/12/2024 23:40,HR Director (HRD),1,,4500.0,Аутсорсингова,Львів,,1,7.0,2023,1
2,17/12/2024 06:22,CTO (Chief Technology Officer) / Technical Director,1,,5000.0,Стартап,Не Україна,JavaScript,1,5.0,2023,1
6,17/12/2024 09:06,СIO (Chief information Officer),0,,8000.0,Інша,Не Україна,,1,15.0,2023,1
6,17/12/2024 09:15,CTO (Chief Technology Officer) / Technical Director,1,,7500.0,Аутсорсингова,Не Україна,Python,1,15.0,2023,1
6,17/12/2024 09:50,CMO (Chief Marketing Officer),1,,3500.0,Аутсорсингова,Львів,,1,10.0,2023,1
4,17/12/2024 12:12,Chief Managed Security Solutions Officer,1,,4300.0,Аутсорсингова,Київ,,1,6.0,2023,1
5,17/12/2024 16:30,CMO (Chief Marketing Officer),0,,7500.0,Продуктова,Київ,,1,8.0,2023,1
5,17/12/2024 17:48,CHRO (Chief Human Resources Officer),1,,6000.0,Продуктова,Не Україна,,1,7.0,2023,1
4,17/12/2024 21:34,Executive Assistant,1,,2000.0,Стартап,Київ,,1,3.0,2023,1
2,18/12/2024 08:16,R&D Manager,1,,1700.0,Продуктова,Львів,,1,4.0,2023,1
6,18/12/2024 09:25,Product Content Manager,1,,2000.0,Продуктова,Київ,,0,3.0,2023,1
5,18/12/2024 10:29,CEO / founder / cofounder,1,,5000.0,Продуктова,Івано-Франківськ,,0,7.0,2023,1
6,18/12/2024 13:15,Delivery Director,1,,6400.0,Аутсорсингова,Не Україна,,1,15.0,2023,1
5,18/12/2024 15:32,Director of Product,1,,4000.0,Продуктова,Львів,,1,7.0,2023,1
4,19/12/2024 08:44,CMO (Chief Marketing Officer),1,,4800.0,Продуктова,Не Україна,,1,7.0,2023,1
6,19/12/2024 12:31,HR Director (HRD),1,,5500.0,Аутсорсингова,Не Україна,,1,10.0,2023,1
6,19/12/2024 16:49,CMO (Chief Marketing Officer),0,,3000.0,Стартап,Не Україна,,1,4.0,2023,1
5,19/12/2024 21:29,Implementer,1,,1800.0,Продуктова,Львів,,1,2.0,2023,1
5,20/12/2024 07:43,Executive Assistant,0,,2200.0,Стартап,Харків,,1,3.0,2023,1
6,20/12/2024 08:40,Java Engineering Lead,0,,6000.0,Аутсорсингова,Київ,Java,1,12.0,2023,1
4,20/12/2024 13:19,CTO (Chief Technology Officer) / Technical Director,0,,8000.0,Продуктова,Київ,PHP,1,5.0,2023,1
6,20/12/2024 20:51,CEO / founder / cofounder,0,,11000.0,Продуктова,Київ,,1,7.0,2023,1
5,21/12/2024 08:35,CTO (Chief Technology Officer) / Technical Director,0,,15000.0,Продуктова,Київ,,1,7.0,2023,1
3,21/12/2024 09:42,Pre-Match Trader,0,,1150.0,Продуктова,Київ,,1,1.5,2023,1
5,22/12/2024 15:34,CTO (Chief Technology Officer) / Technical Director,0,,6150.0,Продуктова,Івано-Франківськ,Swift,1,2.0,2023,1
6,22/12/2024 21:15,Delivery Director,0,,7300.0,Аутсорсингова,Київ,,1,15.0,2023,1
6,23/12/2024 09:46,CHRO (Chief Human Resources Officer),0,,8875.0,Продуктова,Київ,,1,15.0,2023,1
2,23/12/2024 10:47,CTO (Chief Technology Officer) / Technical Director,0,,8000.0,Продуктова,Київ,PHP,1,15.0,2023,1
6,24/12/2024 00:15,CPO (Chief Product Officer),0,,6000.0,Продуктова,Київ,,1,9.0,2023,1
5,24/12/2024 14:58,CPO (Chief Product Officer),0,,6000.0,Продуктова,Київ,,1,15.0,2023,1
5,24/12/2024 15:50,CEO / founder / cofounder,0,,3000.0,Аутсорсингова,Львів,TypeScript,1,4.0,2023,1
6,24/12/2024 15:55,CPO (Chief Product Officer),0,,4750.0,Продуктова,Київ,,1,6.0,2023,1
6,24/12/2024 21:15,CEO / founder / cofounder,0,,14000.0,Стартап,Не Україна,,1,10.0,2023,1
6,24/12/2024 21:45,CBDO (Chief Business Development Officer),0,,10000.0,Продуктова,Не Україна,,1,15.0,2023,1
6,25/12/2024 14:18,VP of Product,0,,5000.0,Аутсорсингова,Не Україна,,1,5.0,2023,1
6,25/12/2024 17:21,Data Annotation Manager,0,,2000.0,Стартап,Рівне,,1,1.5,2023,1
5,25/12/2024 19:05,CTO (Chief Technology Officer) / Technical Director,0,,12000.0,Аутсорсингова,Київ,C# / .NET,1,3.0,2023,1
5,26/12/2024 10:20,Director of Engineering,0,,6900.0,Продуктова,Харків,PHP,1,14.0,2023,1
2,26/12/2024 13:16,VoIP Engineer,0,,3000.0,Продуктова,Львів,Python,1,4.0,2023,1
6,26/12/2024 13:27,CEO / founder / cofounder,0,,16000.0,Продуктова,Київ,,1,8.0,2023,1
5,26/12/2024 13:32,COO (Chief Operating Officer),0,,2400.0,Аутсорсингова,Харків,,1,3.0,2023,1
6,26/12/2024 13:39,CTO (Chief Technology Officer) / Technical Director,0,,6500.0,Продуктова,Київ,PHP,1,15.0,2023,1
5,26/12/2024 13:51,HR Director (HRD),0,,4500.0,Аутсорсингова,Львів,,1,10.0,2023,1
3,26/12/2024 14:25,Designer Generalist,0,,2500.0,Стартап,Запоріжжя,,0,15.0,2023,1
6,26/12/2024 14:37,CFO (Chief Financial Officer),0,,4600.0,Продуктова,Не Україна,,1,15.0,2023,1
5,26/12/2024 14:53,CTO (Chief Technology Officer) / Technical Director,0,,10000.0,Продуктова,Київ,Go,1,2.0,2023,1
5,26/12/2024 15:00,CMO (Chief Marketing Officer),0,,4500.0,Аутсорсингова,Київ,,1,10.0,2023,1
3,26/12/2024 15:32,CEO / founder / cofounder,0,,3000.0,Аутсорсингова,Київ,,0,10.0,2023,1
4,26/12/2024 16:00,CTO (Chief Technology Officer) / Technical Director,0,,2000.0,Стартап,Київ,Python,0,8.0,2023,1
5,26/12/2024 16:46,Operations Director,0,,7666.0,Продуктова,Не Україна,,1,2.0,2023,1
5,26/12/2024 19:21,СIO (Chief information Officer),0,,6500.0,Продуктова,Київ,,1,7.0,2023,1
6,27/12/2024 01:15,CPO (Chief Product Officer),0,,6100.0,Продуктова,Не Україна,,1,9.0,2023,1
3,27/12/2024 07:17,Country Manager,0,,0.0,Продуктова,Київ,,0,10.0,2023,1
4,27/12/2024 07:43,CTO (Chief Technology Officer) / Technical Director,0,,6000.0,Продуктова,Київ,Go,1,8.0,2023,1
4,27/12/2024 10:12,CFO (Chief Financial Officer),0,,2600.0,Аутсорсингова,Львів,,1,5.0,2023,1
2,28/12/2024 06:53,СIO (Chief information Officer),0,,2200.0,Інша,Івано-Франківськ,,1,0.25,2023,1
1,28/12/2024 10:51,CEO / founder / cofounder,0,,4000.0,Стартап,Київ,C# / .NET,1,4.0,2023,1
4,28/12/2024 22:27,COO (Chief Operating Officer),0,,2500.0,Продуктова,Дніпро,,1,1.5,2023,1
5,29/12/2024 13:26,CTO (Chief Technology Officer) / Technical Director,0,,9200.0,Продуктова,Київ,Python,1,10.0,2023,1
4,29/12/2024 15:01,CTO (Chief Technology Officer) / Technical Director,0,,5000.0,Продуктова,Дніпро,C# / .NET,1,15.0,2023,1
3,30/12/2024 04:08,Scriptwriter,0,,2000.0,Державне підприємство / установа,Київ,,1,3.0,2023,1
5,30/12/2024 10:10,CMO (Chief Marketing Officer),0,,2500.0,Інша,Київ,,1,3.0,2023,1
4,30/12/2024 11:58,COO (Chief Operating Officer),0,,7000.0,Продуктова,Київ,,1,1.0,2023,1
6,30/12/2024 12:22,Director of Engineering,0,,9500.0,Аутсорсингова,Київ,,1,3.0,2023,1
5,30/12/2024 13:52,Delivery Director,0,,7000.0,Аутсорсингова,Київ,,1,5.0,2023,1
5,31/12/2024 19:03,СIO (Chief information Officer),0,,6500.0,Продуктова,Київ,,1,15.0,2023,1
